id,timestamp,classroom,classroom_year,classroom_field,sex,phone_os,time_total,time_selfeval,time_usefull,time_want,dependence,challenge,time_sleep,time_social,emotion,ban_support,depression_0,depression_1,depression_2,depression_3,depression_4,depression_5,depression_6,depression_7,depression_8,depression_9,depression_10,depression_11,depression_12,depression_13,depression_14,depression_15,depression_16,depression_17,depression_18,depression_index,selfconfidence_0,selfconfidence_1,selfconfidence_2,selfconfidence_3,selfconfidence_4,selfconfidence_5,selfconfidence_6,selfconfidence_7,selfconfidence_8,selfconfidence_9,selfconfidence_index,app_instagram,app_tiktok,app_youtube,app_webovy_prohlizec,app_brawl_stars,app_whatsapp,app_fotky,app_spotify,app_vinted,app_chatgpt,app_geometry_dash,app_gemini,app_google,app_galerie,app_notes,app_netflix,app_oneplay,app_quizlet,app_noteful,app_snapchat,app_classroom,app_ct_sport,app_knihy,app_pages,app_books,app_zpravy,app_photomath,app_azur_lane,app_x,app_capcut,app_zalando,app_sudoku,app_bakalari,app_clash_royale,app_czbasketball,app_genius_scan,app_gmail,app_reddit,app_strava,app_poznamky,app_facebook,app_quizzlet,app_clash_of_clans,app_hay_day,app_duolingo,app_messenger,app_whoop,app_jine_hry,app_canva,app_pinterest,app_hockey_all_stars_24,app_duckduckgo,app_disk,app_ucebna,app_luanti,app_photos,app_dokumenty_google,app_threads,app_hra,app_kalkulacka
1,17.2.2026 14:29:55,2.E,2,PRI,Žena,Android,365,4,7,1,0,0,,,,2,,,,,,,,,,,,,,,,,,,,,,,,,,,,,,,,136,63,,74,,,,,,,,,,,,,,,,,,,,,,,,,,,,,,,,,,,,,,22,,,,18,,,,,,,,,,,,,,
2,17.2.2026 14:33:33,2.E,2,PRI,Muž,iOS (Apple iPhone),321,3,5,1,0,0,,189,,0,,,,,,,,,,,,,,,,,,,,,,,,,,,,,,,,60,50,13,18,,,,,,26,,,,,,,,,,,,,,,,,,,,,,,,,,,,,,,,,,,,,,,,,,,,,,,,,,
3,17.2.2026 14:33:37,2.E,2,PRI,Žena,iOS (Apple iPhone),290,5,3,1,0,0,,1392,,0,,,,,,,,,,,,,,,,,,,,,,,,,,,,,,,,99,91,,10,,,10,10,,,,,,,,,,,,,,,,,,,,,,,,,,,,,,,,,,,,,,,,,,,,,,,,,,,,
4,17.2.2026 14:35:27,2.E,2,PRI,Žena,iOS (Apple iPhone),376,3,4,2,4,0,,816,,0,,,,,,,,,,,,,,,,,,,,,,,,,,,,,,,,185,,,49,,,5,,,,,,,,,,,,96,,,,,,,,,,,,,,,,,,,,,,,,,,,,,,,,,,,,,,,,,
5,17.2.2026 14:35:39,2.E,2,PRI,Žena,iOS (Apple iPhone),448,4,3,1,2,0,,1356,,0,,,,,,,,,,,,,,,,,,,,,,,,,,,,,,,,221,,,,116,,,,,,,,35,,,,,,,,,,,,,,,,,,,,,,,,,,16,,,,,,,,,,,,,,,9,,,,,,
6,17.2.2026 14:36:04,2.E,2,PRI,Žena,iOS (Apple iPhone),415,4,7,2,2,0,,1072,,2,,,,,,,,,,,,,,,,,,,,,,,,,,,,,,,,140,,50,,,,8,,,,,,,,,,,,,,,,,,,,,,,,,,,,,,,,,18,,,,,,,,,,,,,,,,,7,,,
7,17.2.2026 14:36:06,2.E,2,PRI,Žena,Android,292,4,5,2,4,0,,,,0,,,,,,,,,,,,,,,,,,,,,,,,,,,,,,,,120,,300,,,,,,,,,,,,,,,,,,,,,,,,30,,,,,,,,,,10,,10,,,,,,,,,,,,,,,,,,,,,
8,17.2.2026 14:36:10,2.E,2,PRI,Žena,iOS (Apple iPhone),413,4,4,1,0,1,,1893,,0,,,,,,,,,,,,,,,,,,,,,,,,,,,,,,,,143,108,55,6,,,,,15,,,,,,,,,,,,,,,,,,,,,,,,,,,,,,,,,,,,,,,,,,,,,,,,,,,
9,17.2.2026 14:36:43,2.E,2,PRI,Žena,Android,274,3,5,1,4,0,,,,2,,,,,,,,,,,,,,,,,,,,,,,,,,,,,,,,103,,,51,,,,13,,,,,,29,,,,,,,,,,,,,,,,,,,,,,,,,,,,,,,,,,,,,,,,,,,,,,
10,17.2.2026 14:37:07,2.E,2,PRI,Žena,iOS (Apple iPhone),130,2,8,1,4,1,,30,,1,,,,,,,,,,,,,,,,,,,,,,,,,,,,,,,,,,,40,,9,,,,,,,,,,,,,,,,,,,,,,,,,,,,,,,,,,,24,,,,,,,,,,,,,,9,,,,,
11,17.2.2026 14:37:36,2.E,2,PRI,Muž,Android,124,3,3,1,4,0,,,,2,,,,,,,,,,,,,,,,,,,,,,,,,,,,,,,,39,,22,22,,17,,,,,,,,24,,,,,,,,,,,,,,,,,,,,,,,,,,,,,,,,,,,,,,,,,,,,,,
12,17.2.2026 20:12:22,2.E,2,PRI,Žena,Android,126,2,8,2,4,0,,,,1,,,,,,,,,,,,,,,,,,,,,,,,,,,,,,,,19,67,,,,,,6,,,,,,,,,,,,,,,,,,,9,,,,,,5,,,,,,,,,,,,,,,,,,,,,,,,,,,
13,18.2.2026 8:16:46,2.A,2,HUM,Žena,iOS (Apple iPhone),463,5,3,1,0,0,,1392,,2,,,,,,,,,,,,,,,,,,,,,,,,,,,,,,,,,355,,94,,,46,,235,,,176,,,,,,,,,,,,,,,,,,,,,,,,,,,,,,,,,,,,,,,,,,,,,,,,
14,18.2.2026 8:16:58,2.A,2,HUM,Žena,iOS (Apple iPhone),148,3,6,1,4,1,,170,,1,,,,,,,,,,,,,,,,,,,,,,,,,,,,,,,,113,52,,15,,,,,,19,,,,,,,,79,,,,,,,,,,,,,,,,,,,,,,,,,,,,,,,,,,,,,,,,,,
15,18.2.2026 8:18:00,2.A,2,HUM,Žena,Android,166,3,7,2,4,0,,,,1,,,,,,,,,,,,,,,,,,,,,,,,,,,,,,,,8,,90,,,34,,,,,,,,,,,,15,,,,,,,,,6,,,,,,,,,,,,,,,,,,,,,,,,,,,,,,,,,
16,18.2.2026 8:18:15,2.A,2,HUM,Žena,Android,330,4,2,1,0,1,,,,1,,,,,,,,,,,,,,,,,,,,,,,,,,,,,,,,44,101,26,,,,,21,,,,,,,,,,,,,,,,,,,,,,,,,,,,,,,,,,,,21,,,,,,,,,,,,,,,,
17,18.2.2026 8:19:16,2.A,2,HUM,Žena,iOS (Apple iPhone),179,3,6,1,2,1,,294,,1,,,,,,,,,,,,,,,,,,,,,,,,,,,,,,,,36,,,20,,30,,15,,11,,,,,,,,,,,,,,,,,,,,,,,,,,,,,,,,,,,,,,,,,,,,,,,,,,
18,18.2.2026 8:20:06,2.A,2,HUM,Žena,iOS (Apple iPhone),366,4,3,1,0,0,,256,,0,,,,,,,,,,,,,,,,,,,,,,,,,,,,,,,,205,29,,10,,,30,,,,,,,,,,,,,14,,,,,,,,,,,,,,,,,,,,,,,,,,,,,,,,,,,,,,,,
19,18.2.2026 8:20:17,2.A,2,HUM,Muž,Android,204,4,4,1,2,0,,,,1,,,,,,,,,,,,,,,,,,,,,,,,,,,,,,,,112,,,22,,18,,,,8,,,,,,,,,,,,,,,,,,,,,,,,,,,,,,,,,,,,,,,,,,,,,,,,6,,
20,18.2.2026 8:20:52,2.A,2,HUM,Muž,Android,131,2,6,2,4,0,,,,0,,,,,,,,,,,,,,,,,,,,,,,,,,,,,,,,,,,,,14,,,,,,,,38,,,,11,,,,,,,,,11,,,,,,10,,,,,,,,,,,,,,,,,,,,,,,,,,,
21,18.2.2026 8:20:53,2.A,2,HUM,Žena,iOS (Apple iPhone),374,3,5,2,4,0,,1649,,0,,,,,,,,,,,,,,,,,,,,,,,,,,,,,,,,87,134,,,,5,15,,,,,,,,,,,,,,,,,,,,,,,,,,,,,,,,,7,,,,,,,,,,,,,,,,,,,,
22,18.2.2026 8:20:59,2.A,2,HUM,Žena,iOS (Apple iPhone),190,3,5,1,4,0,,1336,,0,,,,,,,,,,,,,,,,,,,,,,,,,,,,,,,,62,,,,,11,17,,,,,,,,,,,,,,,,,,,,,,,,,,,,,29,,,,,,,,,,,,,,,,,,,,,,,,
23,18.2.2026 8:22:38,2.A,2,HUM,Žena,iOS (Apple iPhone),243,4,7,1,0,0,,580,,0,,,,,,,,,,,,,,,,,,,,,,,,,,,,,,,,80,,,12,,,,19,,,,,,,,13,,,,,,,,,,,,,,,,,,,,,,,,,,,,,,,,,,,,,,,,8,,,,
24,18.2.2026 8:22:41,2.A,2,HUM,Žena,iOS (Apple iPhone),278,4,7,1,0,0,,417,,0,,,,,,,,,,,,,,,,,,,,,,,,,,,,,,,,52,,,108,,,,,,,,,,,124,,,,,,,,46,,,,,,,,42,,,,,,,,,,,,,,,,,,,,,,,,,,,,,
25,18.2.2026 9:11:59,2.A,2,HUM,Žena,Android,254,3,4,1,4,0,,,,2,,,,,,,,,,,,,,,,,,,,,,,,,,,,,,,,108,30,,22,,,,,,23,,,,,,,,,,,,,,,,,,,,,,,,,,,,,,,,,,,,,,,,,,,,,,,,,,
26,18.2.2026 9:14:15,2.A,2,HUM,Žena,iOS (Apple iPhone),471,3,6,1,2,0,,1020,,0,,,,,,,,,,,,,,,,,,,,,,,,,,,,,,,,120,120,,,,,,15,,,,,,,,,,,,,,,,,,60,,,,,,,,,,,,,,,,,,,,,,,14,,,,,,,,,,,
27,18.2.2026 9:16:04,2.A,2,HUM,Žena,iOS (Apple iPhone),364,4,5,1,0,0,,1542,,2,,,,,,,,,,,,,,,,,,,,,,,,,,,,,,,,131,46,40,,,70,,,,,,,,,,,,,,27,,,,,,,,,,,,,,,,,,,,,,,,,,,,,,,,,,,,,,,,
28,18.2.2026 9:16:52,2.A,2,HUM,Žena,iOS (Apple iPhone),,4,8,1,0,0,,1200,,0,,,,,,,,,,,,,,,,,,,,,,,,,,,,,,,,120,50,40,,,10,21,,,,,,,,,,,,,,,,,,,,,,,,,,,,,,,,,,,,,,,,,,,,,,,,,,,,,
29,18.2.2026 9:16:59,2.A,2,HUM,Muž,Android,758,3,3,2,4,0,,,,0,,,,,,,,,,,,,,,,,,,,,,,,,,,,,,,,251,,326,110,,,,,,,,,,,,,,,,,,,,,,,,56,,,,,,,,,,27,,,,,,,,,,,,,,,,,,,,,,
30,18.2.2026 9:17:23,2.A,2,HUM,Žena,iOS (Apple iPhone),,4,3,1,0,0,,249,,2,,,,,,,,,,,,,,,,,,,,,,,,,,,,,,,,,119,,45,,,120,,,55,,,,,,,,,,,,,,,,,,,,,,,,,,,,,,,,,,,,,,,,,,,,,,,,,,
31,18.2.2026 9:17:26,2.A,2,HUM,Žena,Android,135,3,3,1,0,0,,,,0,,,,,,,,,,,,,,,,,,,,,,,,,,,,,,,,50,,,4,,,,,,,,,,,,,,,,,,,,,,,,,,,,19,,,,,,,,,,,,,,,,,,3,,,,,,,,,4,
32,18.2.2026 9:17:47,2.A,2,HUM,Žena,iOS (Apple iPhone),229,5,4,1,2,1,,1609,,2,,,,,,,,,,,,,,,,,,,,,,,,,,,,,,,,82,10,,,,10,16,,,,,,9,,,,,,,,,,,,,,,,,,,,,,,,,,,,,,,,,,,,,,,,,,,,,,,
33,18.2.2026 9:17:54,2.A,2,HUM,Žena,iOS (Apple iPhone),218,4,5,1,2,0,,752,,1,,,,,,,,,,,,,,,,,,,,,,,,,,,,,,,,43,18,,,,11,,,,,,,,,,,,,,,,,47,,,,,,,,,,,,,,,,,,,,,,21,,,,,,,,,,,,,,,
34,18.2.2026 9:17:56,2.A,2,HUM,Muž,Android,121,5,4,1,0,1,,,,1,,,,,,,,,,,,,,,,,,,,,,,,,,,,,,,,,,,,,,,,,,,,,,,,,,,,,,,,,,,,,,,,,,,,,,,,,,,,,,,,,,,,,,,,,,,
35,18.2.2026 9:17:59,2.A,2,HUM,Žena,Android,76,4,2,1,0,0,,,,1,,,,,,,,,,,,,,,,,,,,,,,,,,,,,,,,31,,34,,,,,,,,,,,62,,,,,,53,,,,,,,,,,47,,,,,,,,,,,,,,,,,,,,,,,,,,,,,,
36,18.2.2026 9:18:25,2.A,2,HUM,Muž,iOS (Apple iPhone),180,4,4,1,0,0,,1560,,1,,,,,,,,,,,,,,,,,,,,,,,,,,,,,,,,250,545,,120,,,,,,,160,,,,,,,,,,,,,,,,,,51,,,,,,,,,,,,,,,,,,,,,,,,,,,,,,,
37,18.2.2026 9:18:29,2.A,2,HUM,Žena,iOS (Apple iPhone),290,3,6,1,2,0,,230,,2,,,,,,,,,,,,,,,,,,,,,,,,,,,,,,,,55,80,,,,10,,,,,,,,,,,,,,,,,,,75,,,,,,,,,,,,12,,,,,,,,,,,,,,,,,,,,,,,
38,18.2.2026 9:39:40,2.A,2,HUM,Žena,Android,91,3,3,1,4,0,,,,0,,,,,,,,,,,,,,,,,,,,,,,,,,,,,,,,46,,,,,22,,9,,,,,,2,7,,,,,,,,,,,,,,,,,,,,,,,,,,,,,,,,,,,,,,,,,,,,,
39,18.2.2026 10:48:57,2.C,2,PRI,Žena,Android,212,4,7,1,4,0,,,,2,,,,,,,,,,,,,,,,,,,,,,,,,,,,,,,,62,,,52,,,,,,16,,,14,,20,,,,,,,,,,,,,,,,,,,,,,,,,,,,,,,,,,,,,,,,,,,,,
40,18.2.2026 10:49:00,2.C,2,PRI,Žena,Android,349,5,4,1,2,0,,,,1,,,,,,,,,,,,,,,,,,,,,,,,,,,,,,,,59,,179,,,7,,7,,,,,,,,,,,,,,,,,,,,,,,,,,,,,,,,,,,,,,,,,,,,12,,,,,,,,
41,18.2.2026 10:50:01,2.C,2,PRI,Muž,Android,,4,6,1,4,0,,,,0,,,,,,,,,,,,,,,,,,,,,,,,,,,,,,,,81,,76,,,,,1,,,,,,,,,,,,,,,,,,,,,,,,,3,,,,6,,,,,,,,,,,,,,,,,,,,,,,
42,18.2.2026 10:50:50,2.C,2,PRI,Muž,Android,304,5,4,1,0,0,,,,1,,,,,,,,,,,,,,,,,,,,,,,,,,,,,,,,122,,,,,,,,,65,30,,,,,,,,,,44,,,,,,,,,,,,,,,,,,,,,,22,,,,,,,,,,,,,,,,,
43,18.2.2026 10:53:16,2.C,2,PRI,Muž,Android,140,3,6,1,2,0,,,,2,,,,,,,,,,,,,,,,,,,,,,,,,,,,,,,,,,28,103,,4,,,,,,,,,,,,,,,,,,,,,,,,,,,5,,,,,,,,,,,,,,,,,,,,,,,,,,,
44,18.2.2026 10:53:40,2.C,2,PRI,Žena,iOS (Apple iPhone),186,3,3,1,4,0,,1275,,0,,,,,,,,,,,,,,,,,,,,,,,,,,,,,,,,52,188,36,143,,,,,,,,,,,,25,,,,,,,,,,,,,,,,,,,,,,,,,,,,,,,,,,,,,,,,,,,,
45,18.2.2026 10:57:10,2.C,2,PRI,Žena,iOS (Apple iPhone),37.42857142857143,5,2,1,0,0,,1088,,0,,,,,,,,,,,,,,,,,,,,,,,,,,,,,,,,,,,,,,,,,,,,,,,,,,,,,,,,,,,,,,,,,,,,,,,,,,,,,,,,,,,,,,,,,,,
46,18.2.2026 10:57:21,2.C,2,PRI,Žena,iOS (Apple iPhone),367,5,6,1,0,0,,2527,,0,,,,,,,,,,,,,,,,,,,,,,,,,,,,,,,,27,176,,11,27,,,19,,,,,,,,,,,,,,,,,,,,,,,,,,,,,,,,,,,,,,,,,,,,,,,,,,,,
47,18.2.2026 10:58:14,2.C,2,PRI,Muž,Android,,3,5,1,0,0,,1860,,0,,,,,,,,,,,,,,,,,,,,,,,,,,,,,,,,240,,120,,60,,,,,,,,,,,,120,,,,,,,,,,,,,,,,,30,,,,,,,,,,,,,,,,,,,,,,,,,,
48,18.2.2026 10:58:25,2.C,2,PRI,Muž,iOS (Apple iPhone),366,4,8,1,4,0,,1117,,0,,,,,,,,,,,,,,,,,,,,,,,,,,,,,,,,165,37,,,,,,,,,12,,12,,,36,,,,,,,,,,,,,,,,,,,,,,,,,,,,,,,,,,,,,,,,,,,,
49,18.2.2026 10:58:45,2.C,2,PRI,Muž,iOS (Apple iPhone),266,4,3,1,0,0,,209,,0,,,,,,,,,,,,,,,,,,,,,,,,,,,,,,,,75,,,,,,,,,,,17,,,,,,,,,25,36,,,,,,,,,,,,,,,,,,,,,,,,,16,,,,,,,,,,,,,
50,18.2.2026 11:03:44,2.C,2,PRI,Muž,Android,360,5,2,1,0,1,,,,2,,,,,,,,,,,,,,,,,,,,,,,,,,,,,,,,285,,170,,40,15,,120,,,,,,,,,,,,,,,,,,,,,,,,,,,,,,,,,,,,,,,,,,,,,,,,,,,,
51,18.2.2026 11:05:56,2.C,2,PRI,Muž,Android,300,5,3,1,4,0,,,,1,,,,,,,,,,,,,,,,,,,,,,,,,,,,,,,,120,,,60,,,,,,,,,,,,,,,,,,,,,,,,,,,,,,,,,,,,,,,,,,,,,,,,,,,,,,,,
52,18.2.2026 11:08:20,2.C,2,PRI,Muž,iOS (Apple iPhone),384,4,4,1,0,0,,939,,0,,,,,,,,,,,,,,,,,,,,,,,,,,,,,,,,98,87,63,,71,,,,,,30,,,,,,,,,,,,,,,,,,,,,,,,,,,,,,,,,,,,,,,,,,,,,,,,,
53,18.2.2026 11:15:29,2.C,2,PRI,Žena,Android,300,4,3,1,4,0,,,,0,,,,,,,,,,,,,,,,,,,,,,,,,,,,,,,,60,,60,,,30,,,,,,,,,,,,,,,,,,,,,,,,,,,15,,30,,,,,,,,,,,,,,,,,,,,,,,,,
54,18.2.2026 11:16:38,2.C,2,PRI,Žena,iOS (Apple iPhone),273,3,7,2,4,0,,1916,,0,,,,,,,,,,,,,,,,,,,,,,,,,,,,,,,,35,110,,,,,,,,,,,,,,,,,,,,,,,,,,,,,,,,,,,,,,,,,,,,,,,,,,,,,,,,,,
55,18.2.2026 11:16:51,2.C,2,PRI,Muž,Android,311,4,3,1,2,0,,,,0,,,,,,,,,,,,,,,,,,,,,,,,,,,,,,,,135,,29,,,,,,,,,,,,,,,,,,,58,,,,,,,,,,,,,,,,,,,,,,,,,,,,,,,,,,,,,,
56,18.2.2026 11:17:14,2.C,2,PRI,Muž,iOS (Apple iPhone),345,4,9,2,0,0,,463,,0,,,,,,,,,,,,,,,,,,,,,,,,,,,,,,,,62,,,77,,,,,,,,,21,,,,,,,,25,,,86,,,,,,,,,,,,,,,,,,,,,,,,,,,,,,,,,,,,
57,18.2.2026 11:17:35,2.C,2,PRI,Muž,iOS (Apple iPhone),282,5,3,1,0,1,,728,,1,,,,,,,,,,,,,,,,,,,,,,,,,,,,,,,,80,,14,,41,,,,,,,,14,,,,,,,,,,,,,,,,,,,,,,,,,,,,,,,,,,,,,,13,,,,,,,,,
58,18.2.2026 11:17:41,2.C,2,PRI,Žena,iOS (Apple iPhone),373,5,3,1,0,0,,1227,,0,,,,,,,,,,,,,,,,,,,,,,,,,,,,,,,,53,117,,,47,,11,,,,,,,,,,,,,,,,,,,,,,,,,23,,,,,,,,,,,,,,,,,,,,,,,,,,,,
59,18.2.2026 11:18:24,2.C,2,PRI,Muž,iOS (Apple iPhone),300,4,4,1,0,1,,,,1,,,,,,,,,,,,,,,,,,,,,,,,,,,,,,,,98,84,,50,,,,,14,,,,,,,16,,,,,,,,,,,,,,,,,,,,,,,,,,,,,,,,,,,,,,,,,,,,
60,18.2.2026 11:18:27,2.C,2,PRI,Muž,Android,204,3,3,1,2,1,,,,1,,,,,,,,,,,,,,,,,,,,,,,,,,,,,,,,113,,6,29,,,,,,12,,,,,,,,,,,,,,,,,,,,,,,,,,,,,,,,,,,,,,,,,,,12,,,,,,,
61,18.2.2026 11:19:00,2.C,2,PRI,Žena,iOS (Apple iPhone),222,4,2,1,4,0,,1380,,0,,,,,,,,,,,,,,,,,,,,,,,,,,,,,,,,95,,,,30,,,,,,,,20,,,50,,,,,,,,,,,,,,,,,,,,,,,,,,,,,,,,15,,,,,,,,,,,,
62,18.2.2026 11:19:37,2.C,2,PRI,Žena,Android,159,3,4,1,4,1,,,,1,,,,,,,,,,,,,,,,,,,,,,,,,,,,,,,,5,,120,,,,,,,,,,30,,,,,,,,,,,,,,,,,,,,,,,,,,,,,,,,,,,,,,,,,,,,,,,4
63,18.2.2026 11:20:15,2.C,2,PRI,Žena,Android,120,3,6,1,0,0,,,,0,,,,,,,,,,,,,,,,,,,,,,,,,,,,,,,,25,,45,,,20,,15,,,,,,,,,,,,,,,,,,,,,,,,,,,,,,,,,,,,,,,,,,10,,,,,,,,,,
